"","day","Date","year","month","WY","region","Flow_cfs"
"34676",1,2014-01-01,2014,1,2014,"COS_flow",23.5
"34677",2,2014-01-02,2014,1,2014,"COS_flow",24
"34678",3,2014-01-03,2014,1,2014,"COS_flow",24
"34679",4,2014-01-04,2014,1,2014,"COS_flow",23.9
"34680",5,2014-01-05,2014,1,2014,"COS_flow",24
"34681",6,2014-01-06,2014,1,2014,"COS_flow",24
"34682",7,2014-01-07,2014,1,2014,"COS_flow",23.5
"34683",8,2014-01-08,2014,1,2014,"COS_flow",23.2
"34684",9,2014-01-09,2014,1,2014,"COS_flow",23.6
"34685",10,2014-01-10,2014,1,2014,"COS_flow",24
"34686",11,2014-01-11,2014,1,2014,"COS_flow",23.9
"34687",12,2014-01-12,2014,1,2014,"COS_flow",23.8
"34688",13,2014-01-13,2014,1,2014,"COS_flow",24
"34689",14,2014-01-14,2014,1,2014,"COS_flow",25.1
"34690",15,2014-01-15,2014,1,2014,"COS_flow",26.2
"34691",16,2014-01-16,2014,1,2014,"COS_flow",25.1
"34692",17,2014-01-17,2014,1,2014,"COS_flow",23.6
"34693",18,2014-01-18,2014,1,2014,"COS_flow",23.2
"34694",19,2014-01-19,2014,1,2014,"COS_flow",22.7
"34695",20,2014-01-20,2014,1,2014,"COS_flow",22.5
"34696",21,2014-01-21,2014,1,2014,"COS_flow",22.9
"34697",22,2014-01-22,2014,1,2014,"COS_flow",21.1
"34698",23,2014-01-23,2014,1,2014,"COS_flow",20.1
"34699",24,2014-01-24,2014,1,2014,"COS_flow",20.4
"34700",25,2014-01-25,2014,1,2014,"COS_flow",20.4
"34701",26,2014-01-26,2014,1,2014,"COS_flow",20.8
"34702",27,2014-01-27,2014,1,2014,"COS_flow",20.8
"34703",28,2014-01-28,2014,1,2014,"COS_flow",21.3
"34704",29,2014-01-29,2014,1,2014,"COS_flow",22.8
"34705",30,2014-01-30,2014,1,2014,"COS_flow",22
"34706",31,2014-01-31,2014,1,2014,"COS_flow",38
"34707",32,2014-02-01,2014,2,2014,"COS_flow",77.2
"34708",33,2014-02-02,2014,2,2014,"COS_flow",50.4
"34709",34,2014-02-03,2014,2,2014,"COS_flow",38.4
"34710",35,2014-02-04,2014,2,2014,"COS_flow",31.6
"34711",36,2014-02-05,2014,2,2014,"COS_flow",29
"34712",37,2014-02-06,2014,2,2014,"COS_flow",27.6
"34713",38,2014-02-07,2014,2,2014,"COS_flow",30.7
"34714",39,2014-02-08,2014,2,2014,"COS_flow",46.1
"34715",40,2014-02-09,2014,2,2014,"COS_flow",1967.3
"34716",41,2014-02-10,2014,2,2014,"COS_flow",2560.8
"34717",42,2014-02-11,2014,2,2014,"COS_flow",989.4
"34718",43,2014-02-12,2014,2,2014,"COS_flow",440.9
"34719",44,2014-02-13,2014,2,2014,"COS_flow",276.4
"34720",45,2014-02-14,2014,2,2014,"COS_flow",203.6
"34721",46,2014-02-15,2014,2,2014,"COS_flow",161.1
"34722",47,2014-02-16,2014,2,2014,"COS_flow",146.9
"34723",48,2014-02-17,2014,2,2014,"COS_flow",144.8
"34724",49,2014-02-18,2014,2,2014,"COS_flow",125.5
"34725",50,2014-02-19,2014,2,2014,"COS_flow",110.6
"34726",51,2014-02-20,2014,2,2014,"COS_flow",100.3
"34727",52,2014-02-21,2014,2,2014,"COS_flow",95.2
"34728",53,2014-02-22,2014,2,2014,"COS_flow",84.9
"34729",54,2014-02-23,2014,2,2014,"COS_flow",80.7
"34730",55,2014-02-24,2014,2,2014,"COS_flow",76.8
"34731",56,2014-02-25,2014,2,2014,"COS_flow",72.8
"34732",57,2014-02-26,2014,2,2014,"COS_flow",69.1
"34733",58,2014-02-27,2014,2,2014,"COS_flow",119
"34734",59,2014-02-28,2014,2,2014,"COS_flow",740.9
"34735",60,2014-03-01,2014,3,2014,"COS_flow",1032.1
"34736",61,2014-03-02,2014,3,2014,"COS_flow",509.2
"34737",62,2014-03-03,2014,3,2014,"COS_flow",376.8
"34738",63,2014-03-04,2014,3,2014,"COS_flow",644.7
"34739",64,2014-03-05,2014,3,2014,"COS_flow",585.7
"34740",65,2014-03-06,2014,3,2014,"COS_flow",1083.4
"34741",66,2014-03-07,2014,3,2014,"COS_flow",968
"34742",67,2014-03-08,2014,3,2014,"COS_flow",633.5
"34743",68,2014-03-09,2014,3,2014,"COS_flow",482.4
"34744",69,2014-03-10,2014,3,2014,"COS_flow",417.1
"34745",70,2014-03-11,2014,3,2014,"COS_flow",381.6
"34746",71,2014-03-12,2014,3,2014,"COS_flow",304.6
"34747",72,2014-03-13,2014,3,2014,"COS_flow",255.9
"34748",73,2014-03-14,2014,3,2014,"COS_flow",225.2
"34749",74,2014-03-15,2014,3,2014,"COS_flow",201.1
"34750",75,2014-03-16,2014,3,2014,"COS_flow",182
"34751",76,2014-03-17,2014,3,2014,"COS_flow",167.4
"34752",77,2014-03-18,2014,3,2014,"COS_flow",156.8
"34753",78,2014-03-19,2014,3,2014,"COS_flow",146.8
"34754",79,2014-03-20,2014,3,2014,"COS_flow",135.8
"34755",80,2014-03-21,2014,3,2014,"COS_flow",126.9
"34756",81,2014-03-22,2014,3,2014,"COS_flow",119.8
"34757",82,2014-03-23,2014,3,2014,"COS_flow",114.7
"34758",83,2014-03-24,2014,3,2014,"COS_flow",109.8
"34759",84,2014-03-25,2014,3,2014,"COS_flow",104.8
"34760",85,2014-03-26,2014,3,2014,"COS_flow",114.3
"34761",86,2014-03-27,2014,3,2014,"COS_flow",174.2
"34762",87,2014-03-28,2014,3,2014,"COS_flow",169.9
"34763",88,2014-03-29,2014,3,2014,"COS_flow",168.1
"34764",89,2014-03-30,2014,3,2014,"COS_flow",537
"34765",90,2014-03-31,2014,3,2014,"COS_flow",437.2
"34766",91,2014-04-01,2014,4,2014,"COS_flow",622.8
"34767",92,2014-04-02,2014,4,2014,"COS_flow",668.3
"34768",93,2014-04-03,2014,4,2014,"COS_flow",466.4
"34769",94,2014-04-04,2014,4,2014,"COS_flow",361.2
"34770",95,2014-04-05,2014,4,2014,"COS_flow",317.3
"34771",96,2014-04-06,2014,4,2014,"COS_flow",278.3
"34772",97,2014-04-07,2014,4,2014,"COS_flow",263.8
"34773",98,2014-04-08,2014,4,2014,"COS_flow",273.4
"34774",99,2014-04-09,2014,4,2014,"COS_flow",285.3
"34775",100,2014-04-10,2014,4,2014,"COS_flow",294
"34776",101,2014-04-11,2014,4,2014,"COS_flow",287.9
"34777",102,2014-04-12,2014,4,2014,"COS_flow",278.3
"34778",103,2014-04-13,2014,4,2014,"COS_flow",264.2
"34779",104,2014-04-14,2014,4,2014,"COS_flow",242.7
"34780",105,2014-04-15,2014,4,2014,"COS_flow",219.5
"34781",106,2014-04-16,2014,4,2014,"COS_flow",204.1
"34782",107,2014-04-17,2014,4,2014,"COS_flow",190.4
"34783",108,2014-04-18,2014,4,2014,"COS_flow",174.3
"34784",109,2014-04-19,2014,4,2014,"COS_flow",168
"34785",110,2014-04-20,2014,4,2014,"COS_flow",158.8
"34786",111,2014-04-21,2014,4,2014,"COS_flow",148.6
"34787",112,2014-04-22,2014,4,2014,"COS_flow",139.4
"34788",113,2014-04-23,2014,4,2014,"COS_flow",137
"34789",114,2014-04-24,2014,4,2014,"COS_flow",131.8
"34790",115,2014-04-25,2014,4,2014,"COS_flow",147
"34791",116,2014-04-26,2014,4,2014,"COS_flow",359.4
"34792",117,2014-04-27,2014,4,2014,"COS_flow",245.1
"34793",118,2014-04-28,2014,4,2014,"COS_flow",198
"34794",119,2014-04-29,2014,4,2014,"COS_flow",176.2
"34795",120,2014-04-30,2014,4,2014,"COS_flow",167.8
"34796",121,2014-05-01,2014,5,2014,"COS_flow",164.5
"34797",122,2014-05-02,2014,5,2014,"COS_flow",153
"34798",123,2014-05-03,2014,5,2014,"COS_flow",141.9
"34799",124,2014-05-04,2014,5,2014,"COS_flow",134
"34800",125,2014-05-05,2014,5,2014,"COS_flow",129.9
"34801",126,2014-05-06,2014,5,2014,"COS_flow",130.3
"34802",127,2014-05-07,2014,5,2014,"COS_flow",129.1
"34803",128,2014-05-08,2014,5,2014,"COS_flow",131.9
"34804",129,2014-05-09,2014,5,2014,"COS_flow",125.4
"34805",130,2014-05-10,2014,5,2014,"COS_flow",123.7
"34806",131,2014-05-11,2014,5,2014,"COS_flow",120
"34807",132,2014-05-12,2014,5,2014,"COS_flow",109.6
"34808",133,2014-05-13,2014,5,2014,"COS_flow",100.1
"34809",134,2014-05-14,2014,5,2014,"COS_flow",93.7
"34810",135,2014-05-15,2014,5,2014,"COS_flow",85.8
"34811",136,2014-05-16,2014,5,2014,"COS_flow",82.6
"34812",137,2014-05-17,2014,5,2014,"COS_flow",77.8
"34813",138,2014-05-18,2014,5,2014,"COS_flow",72.9
"34814",139,2014-05-19,2014,5,2014,"COS_flow",68.6
"34815",140,2014-05-20,2014,5,2014,"COS_flow",66.7
"34816",141,2014-05-21,2014,5,2014,"COS_flow",65.4
"34817",142,2014-05-22,2014,5,2014,"COS_flow",74.6
"34818",143,2014-05-23,2014,5,2014,"COS_flow",75.8
"34819",144,2014-05-24,2014,5,2014,"COS_flow",59.5
"34820",145,2014-05-25,2014,5,2014,"COS_flow",51.2
"34821",146,2014-05-26,2014,5,2014,"COS_flow",49.4
"34822",147,2014-05-27,2014,5,2014,"COS_flow",45.6
"34823",148,2014-05-28,2014,5,2014,"COS_flow",42.5
"34824",149,2014-05-29,2014,5,2014,"COS_flow",39.8
"34825",150,2014-05-30,2014,5,2014,"COS_flow",40.3
"34826",151,2014-05-31,2014,5,2014,"COS_flow",40.6
"34827",152,2014-06-01,2014,6,2014,"COS_flow",36.2
"34828",153,2014-06-02,2014,6,2014,"COS_flow",30.6
"34829",154,2014-06-03,2014,6,2014,"COS_flow",31
"34830",155,2014-06-04,2014,6,2014,"COS_flow",30.7
"34831",156,2014-06-05,2014,6,2014,"COS_flow",28.2
"34832",157,2014-06-06,2014,6,2014,"COS_flow",30.1
"34833",158,2014-06-07,2014,6,2014,"COS_flow",30.4
"34834",159,2014-06-08,2014,6,2014,"COS_flow",22.7
"34835",160,2014-06-09,2014,6,2014,"COS_flow",23
"34836",161,2014-06-10,2014,6,2014,"COS_flow",22.2
"34837",162,2014-06-11,2014,6,2014,"COS_flow",21.2
"34838",163,2014-06-12,2014,6,2014,"COS_flow",19.4
"34839",164,2014-06-13,2014,6,2014,"COS_flow",19.1
"34840",165,2014-06-14,2014,6,2014,"COS_flow",17.6
"34841",166,2014-06-15,2014,6,2014,"COS_flow",17
"34842",167,2014-06-16,2014,6,2014,"COS_flow",17
"34843",168,2014-06-17,2014,6,2014,"COS_flow",17.5
"34844",169,2014-06-18,2014,6,2014,"COS_flow",17.8
"34845",170,2014-06-19,2014,6,2014,"COS_flow",18.4
"34846",171,2014-06-20,2014,6,2014,"COS_flow",19.3
"34847",172,2014-06-21,2014,6,2014,"COS_flow",17.8
"34848",173,2014-06-22,2014,6,2014,"COS_flow",16.4
"34849",174,2014-06-23,2014,6,2014,"COS_flow",15.8
"34850",175,2014-06-24,2014,6,2014,"COS_flow",16
"34851",176,2014-06-25,2014,6,2014,"COS_flow",15.2
"34852",177,2014-06-26,2014,6,2014,"COS_flow",13.8
"34853",178,2014-06-27,2014,6,2014,"COS_flow",13.6
"34854",179,2014-06-28,2014,6,2014,"COS_flow",12.6
"34855",180,2014-06-29,2014,6,2014,"COS_flow",12.3
"35041",1,2015-01-01,2015,1,2015,"COS_flow",86.6
"35042",2,2015-01-02,2015,1,2015,"COS_flow",79.6
"35043",3,2015-01-03,2015,1,2015,"COS_flow",79.5
"35044",4,2015-01-04,2015,1,2015,"COS_flow",76.3
"35045",5,2015-01-05,2015,1,2015,"COS_flow",72.8
"35046",6,2015-01-06,2015,1,2015,"COS_flow",70.7
"35047",7,2015-01-07,2015,1,2015,"COS_flow",67.7
"35048",8,2015-01-08,2015,1,2015,"COS_flow",65.7
"35049",9,2015-01-09,2015,1,2015,"COS_flow",64.2
"35050",10,2015-01-10,2015,1,2015,"COS_flow",62.7
"35051",11,2015-01-11,2015,1,2015,"COS_flow",62
"35052",12,2015-01-12,2015,1,2015,"COS_flow",59.9
"35053",13,2015-01-13,2015,1,2015,"COS_flow",58.5
"35054",14,2015-01-14,2015,1,2015,"COS_flow",56.4
"35055",15,2015-01-15,2015,1,2015,"COS_flow",55.2
"35056",16,2015-01-16,2015,1,2015,"COS_flow",53.3
"35057",17,2015-01-17,2015,1,2015,"COS_flow",52.5
"35058",18,2015-01-18,2015,1,2015,"COS_flow",52
"35059",19,2015-01-19,2015,1,2015,"COS_flow",50.8
"35060",20,2015-01-20,2015,1,2015,"COS_flow",50
"35061",21,2015-01-21,2015,1,2015,"COS_flow",50
"35062",22,2015-01-22,2015,1,2015,"COS_flow",49.8
"35063",23,2015-01-23,2015,1,2015,"COS_flow",48.8
"35064",24,2015-01-24,2015,1,2015,"COS_flow",47.3
"35065",25,2015-01-25,2015,1,2015,"COS_flow",45.8
"35066",26,2015-01-26,2015,1,2015,"COS_flow",45
"35067",27,2015-01-27,2015,1,2015,"COS_flow",44.3
"35068",28,2015-01-28,2015,1,2015,"COS_flow",44
"35069",29,2015-01-29,2015,1,2015,"COS_flow",44.1
"35070",30,2015-01-30,2015,1,2015,"COS_flow",44.9
"35071",31,2015-01-31,2015,1,2015,"COS_flow",44
"35072",32,2015-02-01,2015,2,2015,"COS_flow",42.9
"35073",33,2015-02-02,2015,2,2015,"COS_flow",41.9
"35074",34,2015-02-03,2015,2,2015,"COS_flow",41
"35075",35,2015-02-04,2015,2,2015,"COS_flow",40.3
"35076",36,2015-02-05,2015,2,2015,"COS_flow",40
"35077",37,2015-02-06,2015,2,2015,"COS_flow",43.8
"35078",38,2015-02-07,2015,2,2015,"COS_flow",839.6
"35079",39,2015-02-08,2015,2,2015,"COS_flow",3253.3
"35080",40,2015-02-09,2015,2,2015,"COS_flow",5016.2
"35081",41,2015-02-10,2015,2,2015,"COS_flow",1922.9
"35082",42,2015-02-11,2015,2,2015,"COS_flow",1128.1
"35083",43,2015-02-12,2015,2,2015,"COS_flow",789.9
"35084",44,2015-02-13,2015,2,2015,"COS_flow",605.3
"35085",45,2015-02-14,2015,2,2015,"COS_flow",484.3
"35086",46,2015-02-15,2015,2,2015,"COS_flow",401.8
"35087",47,2015-02-16,2015,2,2015,"COS_flow",343.5
"35088",48,2015-02-17,2015,2,2015,"COS_flow",296.1
"35089",49,2015-02-18,2015,2,2015,"COS_flow",262.2
"35090",50,2015-02-19,2015,2,2015,"COS_flow",235.5
"35091",51,2015-02-20,2015,2,2015,"COS_flow",215.9
"35092",52,2015-02-21,2015,2,2015,"COS_flow",198.4
"35093",53,2015-02-22,2015,2,2015,"COS_flow",183.2
"35094",54,2015-02-23,2015,2,2015,"COS_flow",167.5
"35095",55,2015-02-24,2015,2,2015,"COS_flow",151.8
"35096",56,2015-02-25,2015,2,2015,"COS_flow",141.2
"35097",57,2015-02-26,2015,2,2015,"COS_flow",135.4
"35098",58,2015-02-27,2015,2,2015,"COS_flow",131
"35099",59,2015-02-28,2015,2,2015,"COS_flow",133.5
"35100",60,2015-03-01,2015,3,2015,"COS_flow",151.2
"35101",61,2015-03-02,2015,3,2015,"COS_flow",134.8
"35102",62,2015-03-03,2015,3,2015,"COS_flow",136
"35103",63,2015-03-04,2015,3,2015,"COS_flow",127.9
"35104",64,2015-03-05,2015,3,2015,"COS_flow",117.4
"35105",65,2015-03-06,2015,3,2015,"COS_flow",111.6
"35106",66,2015-03-07,2015,3,2015,"COS_flow",107.1
"35107",67,2015-03-08,2015,3,2015,"COS_flow",102.7
"35108",68,2015-03-09,2015,3,2015,"COS_flow",99
"35109",69,2015-03-10,2015,3,2015,"COS_flow",95.6
"35110",70,2015-03-11,2015,3,2015,"COS_flow",94
"35111",71,2015-03-12,2015,3,2015,"COS_flow",94.1
"35112",72,2015-03-13,2015,3,2015,"COS_flow",99.2
"35113",73,2015-03-14,2015,3,2015,"COS_flow",93.1
"35114",74,2015-03-15,2015,3,2015,"COS_flow",86.3
"35115",75,2015-03-16,2015,3,2015,"COS_flow",82.2
"35116",76,2015-03-17,2015,3,2015,"COS_flow",79.4
"35117",77,2015-03-18,2015,3,2015,"COS_flow",76.6
"35118",78,2015-03-19,2015,3,2015,"COS_flow",73.3
"35119",79,2015-03-20,2015,3,2015,"COS_flow",71.4
"35120",80,2015-03-21,2015,3,2015,"COS_flow",67.9
"35121",81,2015-03-22,2015,3,2015,"COS_flow",66.1
"35122",82,2015-03-23,2015,3,2015,"COS_flow",64.8
"35123",83,2015-03-24,2015,3,2015,"COS_flow",70.1
"35124",84,2015-03-25,2015,3,2015,"COS_flow",79.2
"35125",85,2015-03-26,2015,3,2015,"COS_flow",70.6
"35126",86,2015-03-27,2015,3,2015,"COS_flow",66.2
"35127",87,2015-03-28,2015,3,2015,"COS_flow",61.4
"35128",88,2015-03-29,2015,3,2015,"COS_flow",57
"35129",89,2015-03-30,2015,3,2015,"COS_flow",55.6
"35130",90,2015-03-31,2015,3,2015,"COS_flow",52.8
"35131",91,2015-04-01,2015,4,2015,"COS_flow",49.8
"35132",92,2015-04-02,2015,4,2015,"COS_flow",48.4
"35133",93,2015-04-03,2015,4,2015,"COS_flow",46.4
"35134",94,2015-04-04,2015,4,2015,"COS_flow",45.3
"35135",95,2015-04-05,2015,4,2015,"COS_flow",45
"35136",96,2015-04-06,2015,4,2015,"COS_flow",46.2
"35137",97,2015-04-07,2015,4,2015,"COS_flow",60.9
"35138",98,2015-04-08,2015,4,2015,"COS_flow",93
"35139",99,2015-04-09,2015,4,2015,"COS_flow",102.5
"35140",100,2015-04-10,2015,4,2015,"COS_flow",85.4
"35141",101,2015-04-11,2015,4,2015,"COS_flow",74.5
"35142",102,2015-04-12,2015,4,2015,"COS_flow",68.3
"35143",103,2015-04-13,2015,4,2015,"COS_flow",65.9
"35144",104,2015-04-14,2015,4,2015,"COS_flow",61.6
"35145",105,2015-04-15,2015,4,2015,"COS_flow",58.8
"35146",106,2015-04-16,2015,4,2015,"COS_flow",57.1
"35147",107,2015-04-17,2015,4,2015,"COS_flow",53.8
"35148",108,2015-04-18,2015,4,2015,"COS_flow",49.7
"35149",109,2015-04-19,2015,4,2015,"COS_flow",46.3
"35150",110,2015-04-20,2015,4,2015,"COS_flow",45
"35151",111,2015-04-21,2015,4,2015,"COS_flow",43.4
"35152",112,2015-04-22,2015,4,2015,"COS_flow",42
"35153",113,2015-04-23,2015,4,2015,"COS_flow",41.2
"35154",114,2015-04-24,2015,4,2015,"COS_flow",40.2
"35155",115,2015-04-25,2015,4,2015,"COS_flow",81.1
"35156",116,2015-04-26,2015,4,2015,"COS_flow",203.2
"35157",117,2015-04-27,2015,4,2015,"COS_flow",145.5
"35158",118,2015-04-28,2015,4,2015,"COS_flow",108.1
"35159",119,2015-04-29,2015,4,2015,"COS_flow",96
"35160",120,2015-04-30,2015,4,2015,"COS_flow",87
"35161",121,2015-05-01,2015,5,2015,"COS_flow",83.8
"35162",122,2015-05-02,2015,5,2015,"COS_flow",79.8
"35163",123,2015-05-03,2015,5,2015,"COS_flow",67.7
"35164",124,2015-05-04,2015,5,2015,"COS_flow",57.8
"35165",125,2015-05-05,2015,5,2015,"COS_flow",53.3
"35166",126,2015-05-06,2015,5,2015,"COS_flow",49.6
"35167",127,2015-05-07,2015,5,2015,"COS_flow",46.5
"35168",128,2015-05-08,2015,5,2015,"COS_flow",46.1
"35169",129,2015-05-09,2015,5,2015,"COS_flow",58.2
"35170",130,2015-05-10,2015,5,2015,"COS_flow",58.2
"35171",131,2015-05-11,2015,5,2015,"COS_flow",58.2
"35172",132,2015-05-12,2015,5,2015,"COS_flow",52.1
"35173",133,2015-05-13,2015,5,2015,"COS_flow",45.5
"35174",134,2015-05-14,2015,5,2015,"COS_flow",59.2
"35175",135,2015-05-15,2015,5,2015,"COS_flow",56.1
"35176",136,2015-05-16,2015,5,2015,"COS_flow",51.5
"35177",137,2015-05-17,2015,5,2015,"COS_flow",51.5
"35178",138,2015-05-18,2015,5,2015,"COS_flow",50
"35179",139,2015-05-19,2015,5,2015,"COS_flow",50.8
"35180",140,2015-05-20,2015,5,2015,"COS_flow",51.4
"35181",141,2015-05-21,2015,5,2015,"COS_flow",51.6
"35182",142,2015-05-22,2015,5,2015,"COS_flow",50.1
"35183",143,2015-05-23,2015,5,2015,"COS_flow",49.2
"35184",144,2015-05-24,2015,5,2015,"COS_flow",50.9
"35185",145,2015-05-25,2015,5,2015,"COS_flow",59.2
"35186",146,2015-05-26,2015,5,2015,"COS_flow",57
"35187",147,2015-05-27,2015,5,2015,"COS_flow",49.6
"35188",148,2015-05-28,2015,5,2015,"COS_flow",44.5
"35189",149,2015-05-29,2015,5,2015,"COS_flow",42.2
"35190",150,2015-05-30,2015,5,2015,"COS_flow",38.6
"35191",151,2015-05-31,2015,5,2015,"COS_flow",35.2
"35192",152,2015-06-01,2015,6,2015,"COS_flow",33
"35193",153,2015-06-02,2015,6,2015,"COS_flow",31.2
"35194",154,2015-06-03,2015,6,2015,"COS_flow",29.3
"35195",155,2015-06-04,2015,6,2015,"COS_flow",27.2
"35196",156,2015-06-05,2015,6,2015,"COS_flow",27
"35197",157,2015-06-06,2015,6,2015,"COS_flow",24.9
"35198",158,2015-06-07,2015,6,2015,"COS_flow",27.4
"35199",159,2015-06-08,2015,6,2015,"COS_flow",33.2
"35200",160,2015-06-09,2015,6,2015,"COS_flow",30.4
"35201",161,2015-06-10,2015,6,2015,"COS_flow",27.2
"35202",162,2015-06-11,2015,6,2015,"COS_flow",25.8
"35203",163,2015-06-12,2015,6,2015,"COS_flow",24.9
"35204",164,2015-06-13,2015,6,2015,"COS_flow",25.6
"35205",165,2015-06-14,2015,6,2015,"COS_flow",24.4
"35206",166,2015-06-15,2015,6,2015,"COS_flow",22.1
"35207",167,2015-06-16,2015,6,2015,"COS_flow",20.4
"35208",168,2015-06-17,2015,6,2015,"COS_flow",18.6
"35209",169,2015-06-18,2015,6,2015,"COS_flow",16.2
"35210",170,2015-06-19,2015,6,2015,"COS_flow",15.4
"35211",171,2015-06-20,2015,6,2015,"COS_flow",14.4
"35212",172,2015-06-21,2015,6,2015,"COS_flow",13
"35213",173,2015-06-22,2015,6,2015,"COS_flow",12.5
"35214",174,2015-06-23,2015,6,2015,"COS_flow",11.8
"35215",175,2015-06-24,2015,6,2015,"COS_flow",11.4
"35216",176,2015-06-25,2015,6,2015,"COS_flow",10.1
"35217",177,2015-06-26,2015,6,2015,"COS_flow",9.6
"35218",178,2015-06-27,2015,6,2015,"COS_flow",9.1
"35219",179,2015-06-28,2015,6,2015,"COS_flow",8.8
"35220",180,2015-06-29,2015,6,2015,"COS_flow",7.7
"35406",1,2016-01-01,2016,1,2016,"COS_flow",117.7
"35407",2,2016-01-02,2016,1,2016,"COS_flow",106.9
"35408",3,2016-01-03,2016,1,2016,"COS_flow",107.2
"35409",4,2016-01-04,2016,1,2016,"COS_flow",106.4
"35410",5,2016-01-05,2016,1,2016,"COS_flow",145
"35411",6,2016-01-06,2016,1,2016,"COS_flow",679.5
"35412",7,2016-01-07,2016,1,2016,"COS_flow",553.6
"35413",8,2016-01-08,2016,1,2016,"COS_flow",373.8
"35414",9,2016-01-09,2016,1,2016,"COS_flow",271
"35415",10,2016-01-10,2016,1,2016,"COS_flow",223.2
"35416",11,2016-01-11,2016,1,2016,"COS_flow",198.1
"35417",12,2016-01-12,2016,1,2016,"COS_flow",172.2
"35418",13,2016-01-13,2016,1,2016,"COS_flow",164.8
"35419",14,2016-01-14,2016,1,2016,"COS_flow",206.7
"35420",15,2016-01-15,2016,1,2016,"COS_flow",366.1
"35421",16,2016-01-16,2016,1,2016,"COS_flow",537.1
"35422",17,2016-01-17,2016,1,2016,"COS_flow",460.8
"35423",18,2016-01-18,2016,1,2016,"COS_flow",1083.1
"35424",19,2016-01-19,2016,1,2016,"COS_flow",1179.1
"35425",20,2016-01-20,2016,1,2016,"COS_flow",1170.8
"35426",21,2016-01-21,2016,1,2016,"COS_flow",822.8
"35427",22,2016-01-22,2016,1,2016,"COS_flow",667.9
"35428",23,2016-01-23,2016,1,2016,"COS_flow",1775.4
"35429",24,2016-01-24,2016,1,2016,"COS_flow",1789.2
"35430",25,2016-01-25,2016,1,2016,"COS_flow",1153.8
"35431",26,2016-01-26,2016,1,2016,"COS_flow",860.1
"35432",27,2016-01-27,2016,1,2016,"COS_flow",688.3
"35433",28,2016-01-28,2016,1,2016,"COS_flow",575.4
"35434",29,2016-01-29,2016,1,2016,"COS_flow",525.9
"35435",30,2016-01-30,2016,1,2016,"COS_flow",4103.1
"35436",31,2016-01-31,2016,1,2016,"COS_flow",2679.6
"35437",32,2016-02-01,2016,2,2016,"COS_flow",1790
"35438",33,2016-02-02,2016,2,2016,"COS_flow",1285.8
"35439",34,2016-02-03,2016,2,2016,"COS_flow",1036.8
"35440",35,2016-02-04,2016,2,2016,"COS_flow",856.1
"35441",36,2016-02-05,2016,2,2016,"COS_flow",730.9
"35442",37,2016-02-06,2016,2,2016,"COS_flow",636.6
"35443",38,2016-02-07,2016,2,2016,"COS_flow",567.8
"35444",39,2016-02-08,2016,2,2016,"COS_flow",518.5
"35445",40,2016-02-09,2016,2,2016,"COS_flow",500.4
"35446",41,2016-02-10,2016,2,2016,"COS_flow",493.8
"35447",42,2016-02-11,2016,2,2016,"COS_flow",491.8
"35448",43,2016-02-12,2016,2,2016,"COS_flow",489.8
"35449",44,2016-02-13,2016,2,2016,"COS_flow",485.3
"35450",45,2016-02-14,2016,2,2016,"COS_flow",471.9
"35451",46,2016-02-15,2016,2,2016,"COS_flow",461.9
"35452",47,2016-02-16,2016,2,2016,"COS_flow",463.3
"35453",48,2016-02-17,2016,2,2016,"COS_flow",469.8
"35454",49,2016-02-18,2016,2,2016,"COS_flow",891
"35455",50,2016-02-19,2016,2,2016,"COS_flow",864
"35456",51,2016-02-20,2016,2,2016,"COS_flow",658.1
"35457",52,2016-02-21,2016,2,2016,"COS_flow",581
"35458",53,2016-02-22,2016,2,2016,"COS_flow",521.5
"35459",54,2016-02-23,2016,2,2016,"COS_flow",480.7
"35460",55,2016-02-24,2016,2,2016,"COS_flow",453
"35461",56,2016-02-25,2016,2,2016,"COS_flow",436.2
"35462",57,2016-02-26,2016,2,2016,"COS_flow",426.7
"35463",58,2016-02-27,2016,2,2016,"COS_flow",421.5
"35464",59,2016-02-28,2016,2,2016,"COS_flow",412.6
"35465",61,2016-03-01,2016,3,2016,"COS_flow",378.7
"35466",62,2016-03-02,2016,3,2016,"COS_flow",365.2
"35467",63,2016-03-03,2016,3,2016,"COS_flow",359.4
"35468",64,2016-03-04,2016,3,2016,"COS_flow",376.7
"35469",65,2016-03-05,2016,3,2016,"COS_flow",801
"35470",66,2016-03-06,2016,3,2016,"COS_flow",5454.6
"35471",67,2016-03-07,2016,3,2016,"COS_flow",6722.5
"35472",68,2016-03-08,2016,3,2016,"COS_flow",3231.2
"35473",69,2016-03-09,2016,3,2016,"COS_flow",2100.8
"35474",70,2016-03-10,2016,3,2016,"COS_flow",2000.8
"35475",71,2016-03-11,2016,3,2016,"COS_flow",2397.9
"35476",72,2016-03-12,2016,3,2016,"COS_flow",3322.1
"35477",73,2016-03-13,2016,3,2016,"COS_flow",4783
"35478",74,2016-03-14,2016,3,2016,"COS_flow",7199.2
"35479",75,2016-03-15,2016,3,2016,"COS_flow",4733.8
"35480",76,2016-03-16,2016,3,2016,"COS_flow",3267.1
"35481",77,2016-03-17,2016,3,2016,"COS_flow",2502.1
"35482",78,2016-03-18,2016,3,2016,"COS_flow",2093.8
"35483",79,2016-03-19,2016,3,2016,"COS_flow",1811.7
"35484",80,2016-03-20,2016,3,2016,"COS_flow",1543.3
"35485",81,2016-03-21,2016,3,2016,"COS_flow",1779.6
"35486",82,2016-03-22,2016,3,2016,"COS_flow",2454.2
"35487",83,2016-03-23,2016,3,2016,"COS_flow",1974.2
"35488",84,2016-03-24,2016,3,2016,"COS_flow",1700
"35489",85,2016-03-25,2016,3,2016,"COS_flow",1530
"35490",86,2016-03-26,2016,3,2016,"COS_flow",1383.8
"35491",87,2016-03-27,2016,3,2016,"COS_flow",1250
"35492",88,2016-03-28,2016,3,2016,"COS_flow",1155.4
"35493",89,2016-03-29,2016,3,2016,"COS_flow",1084.2
"35494",90,2016-03-30,2016,3,2016,"COS_flow",974.6
"35495",91,2016-03-31,2016,3,2016,"COS_flow",877.4
"35496",92,2016-04-01,2016,4,2016,"COS_flow",819.3
"35497",93,2016-04-02,2016,4,2016,"COS_flow",796.5
"35498",94,2016-04-03,2016,4,2016,"COS_flow",758.8
"35499",95,2016-04-04,2016,4,2016,"COS_flow",712.2
"35500",96,2016-04-05,2016,4,2016,"COS_flow",680.5
"35501",97,2016-04-06,2016,4,2016,"COS_flow",660.4
"35502",98,2016-04-07,2016,4,2016,"COS_flow",653.1
"35503",99,2016-04-08,2016,4,2016,"COS_flow",660.5
"35504",100,2016-04-09,2016,4,2016,"COS_flow",736.9
"35505",101,2016-04-10,2016,4,2016,"COS_flow",1064.4
"35506",102,2016-04-11,2016,4,2016,"COS_flow",930.5
"35507",103,2016-04-12,2016,4,2016,"COS_flow",808.9
"35508",104,2016-04-13,2016,4,2016,"COS_flow",740.7
"35509",105,2016-04-14,2016,4,2016,"COS_flow",713.7
"35510",106,2016-04-15,2016,4,2016,"COS_flow",669.7
"35511",107,2016-04-16,2016,4,2016,"COS_flow",591.9
"35512",108,2016-04-17,2016,4,2016,"COS_flow",533.3
"35513",109,2016-04-18,2016,4,2016,"COS_flow",497.9
"35514",110,2016-04-19,2016,4,2016,"COS_flow",478.7
"35515",111,2016-04-20,2016,4,2016,"COS_flow",478.5
"35516",112,2016-04-21,2016,4,2016,"COS_flow",481.7
"35517",113,2016-04-22,2016,4,2016,"COS_flow",515.7
"35518",114,2016-04-23,2016,4,2016,"COS_flow",889.9
"35519",115,2016-04-24,2016,4,2016,"COS_flow",710.1
"35520",116,2016-04-25,2016,4,2016,"COS_flow",625.5
"35521",117,2016-04-26,2016,4,2016,"COS_flow",553.4
"35522",118,2016-04-27,2016,4,2016,"COS_flow",533
"35523",119,2016-04-28,2016,4,2016,"COS_flow",532.4
"35524",120,2016-04-29,2016,4,2016,"COS_flow",457.1
"35525",121,2016-04-30,2016,4,2016,"COS_flow",442.9
"35526",122,2016-05-01,2016,5,2016,"COS_flow",422.4
"35527",123,2016-05-02,2016,5,2016,"COS_flow",401.5
"35528",124,2016-05-03,2016,5,2016,"COS_flow",379.1
"35529",125,2016-05-04,2016,5,2016,"COS_flow",363.8
"35530",126,2016-05-05,2016,5,2016,"COS_flow",360.3
"35531",127,2016-05-06,2016,5,2016,"COS_flow",380.7
"35532",128,2016-05-07,2016,5,2016,"COS_flow",426.3
"35533",129,2016-05-08,2016,5,2016,"COS_flow",431
"35534",130,2016-05-09,2016,5,2016,"COS_flow",405.7
"35535",131,2016-05-10,2016,5,2016,"COS_flow",389
"35536",132,2016-05-11,2016,5,2016,"COS_flow",373
"35537",133,2016-05-12,2016,5,2016,"COS_flow",354.9
"35538",134,2016-05-13,2016,5,2016,"COS_flow",346.6
"35539",135,2016-05-14,2016,5,2016,"COS_flow",345.1
"35540",136,2016-05-15,2016,5,2016,"COS_flow",336
"35541",137,2016-05-16,2016,5,2016,"COS_flow",310.9
"35542",138,2016-05-17,2016,5,2016,"COS_flow",281.8
"35543",139,2016-05-18,2016,5,2016,"COS_flow",262.7
"35544",140,2016-05-19,2016,5,2016,"COS_flow",247.5
"35545",141,2016-05-20,2016,5,2016,"COS_flow",236.3
"35546",142,2016-05-21,2016,5,2016,"COS_flow",223
"35547",143,2016-05-22,2016,5,2016,"COS_flow",215.7
"35548",144,2016-05-23,2016,5,2016,"COS_flow",212.5
"35549",145,2016-05-24,2016,5,2016,"COS_flow",202.2
"35550",146,2016-05-25,2016,5,2016,"COS_flow",206.8
"35551",147,2016-05-26,2016,5,2016,"COS_flow",202.6
"35552",148,2016-05-27,2016,5,2016,"COS_flow",187.4
"35553",149,2016-05-28,2016,5,2016,"COS_flow",176.7
"35554",150,2016-05-29,2016,5,2016,"COS_flow",165.9
"35555",151,2016-05-30,2016,5,2016,"COS_flow",156.1
"35556",152,2016-05-31,2016,5,2016,"COS_flow",149
"35557",153,2016-06-01,2016,6,2016,"COS_flow",141.3
"35558",154,2016-06-02,2016,6,2016,"COS_flow",132.7
"35559",155,2016-06-03,2016,6,2016,"COS_flow",127.4
"35560",156,2016-06-04,2016,6,2016,"COS_flow",115.4
"35561",157,2016-06-05,2016,6,2016,"COS_flow",112.2
"35562",158,2016-06-06,2016,6,2016,"COS_flow",109.4
"35563",159,2016-06-07,2016,6,2016,"COS_flow",103.8
"35564",160,2016-06-08,2016,6,2016,"COS_flow",96.8
"35565",161,2016-06-09,2016,6,2016,"COS_flow",91.5
"35566",162,2016-06-10,2016,6,2016,"COS_flow",88.2
"35567",163,2016-06-11,2016,6,2016,"COS_flow",83
"35568",164,2016-06-12,2016,6,2016,"COS_flow",79.6
"35569",165,2016-06-13,2016,6,2016,"COS_flow",76.9
"35570",166,2016-06-14,2016,6,2016,"COS_flow",89
"35571",167,2016-06-15,2016,6,2016,"COS_flow",82.3
"35572",168,2016-06-16,2016,6,2016,"COS_flow",74.1
"35573",169,2016-06-17,2016,6,2016,"COS_flow",73
"35574",170,2016-06-18,2016,6,2016,"COS_flow",71.8
"35575",171,2016-06-19,2016,6,2016,"COS_flow",69.9
"35576",172,2016-06-20,2016,6,2016,"COS_flow",67.9
"35577",173,2016-06-21,2016,6,2016,"COS_flow",63.9
"35578",174,2016-06-22,2016,6,2016,"COS_flow",57.9
"35579",175,2016-06-23,2016,6,2016,"COS_flow",52.8
"35580",176,2016-06-24,2016,6,2016,"COS_flow",50
"35581",177,2016-06-25,2016,6,2016,"COS_flow",46.4
"35582",178,2016-06-26,2016,6,2016,"COS_flow",44.2
"35583",179,2016-06-27,2016,6,2016,"COS_flow",42.9
"35584",180,2016-06-28,2016,6,2016,"COS_flow",41
"35771",1,2017-01-01,2017,1,2017,"COS_flow",345.5
"35772",2,2017-01-02,2017,1,2017,"COS_flow",339.5
"35773",3,2017-01-03,2017,1,2017,"COS_flow",541.9
"35774",4,2017-01-04,2017,1,2017,"COS_flow",3888
"35775",5,2017-01-05,2017,1,2017,"COS_flow",7373.8
"35776",6,2017-01-06,2017,1,2017,"COS_flow",3761.7
"35777",7,2017-01-07,2017,1,2017,"COS_flow",2572.1
"35778",8,2017-01-08,2017,1,2017,"COS_flow",8502.1
"35779",9,2017-01-09,2017,1,2017,"COS_flow",20641.7
"35780",10,2017-01-10,2017,1,2017,"COS_flow",17775
"35781",11,2017-01-11,2017,1,2017,"COS_flow",20062.5
"35782",12,2017-01-12,2017,1,2017,"COS_flow",8776.7
"35783",13,2017-01-13,2017,1,2017,"COS_flow",5495.4
"35784",14,2017-01-14,2017,1,2017,"COS_flow",3869.6
"35785",15,2017-01-15,2017,1,2017,"COS_flow",3033.3
"35786",16,2017-01-16,2017,1,2017,"COS_flow",2496.2
"35787",17,2017-01-17,2017,1,2017,"COS_flow",2110.4
"35788",18,2017-01-18,2017,1,2017,"COS_flow",2051.2
"35789",19,2017-01-19,2017,1,2017,"COS_flow",4620.4
"35790",20,2017-01-20,2017,1,2017,"COS_flow",6410.8
"35791",21,2017-01-21,2017,1,2017,"COS_flow",5467.9
"35792",22,2017-01-22,2017,1,2017,"COS_flow",5750.4
"35793",23,2017-01-23,2017,1,2017,"COS_flow",7883.3
"35794",24,2017-01-24,2017,1,2017,"COS_flow",4346.7
"35795",25,2017-01-25,2017,1,2017,"COS_flow",2989.6
"35796",26,2017-01-26,2017,1,2017,"COS_flow",2405.8
"35797",27,2017-01-27,2017,1,2017,"COS_flow",2042.9
"35798",28,2017-01-28,2017,1,2017,"COS_flow",1802.1
"35799",29,2017-01-29,2017,1,2017,"COS_flow",1629.6
"35800",30,2017-01-30,2017,1,2017,"COS_flow",1508.8
"35801",31,2017-01-31,2017,1,2017,"COS_flow",1415.8
"35802",32,2017-02-01,2017,2,2017,"COS_flow",1348.8
"35803",33,2017-02-02,2017,2,2017,"COS_flow",1331.2
"35804",34,2017-02-03,2017,2,2017,"COS_flow",1802.8
"35805",35,2017-02-04,2017,2,2017,"COS_flow",3491.7
"35806",36,2017-02-05,2017,2,2017,"COS_flow",3256.2
"35807",37,2017-02-06,2017,2,2017,"COS_flow",5088.3
"35808",38,2017-02-07,2017,2,2017,"COS_flow",15437.9
"35809",39,2017-02-08,2017,2,2017,"COS_flow",19683.3
"35810",40,2017-02-09,2017,2,2017,"COS_flow",17379.2
"35811",41,2017-02-10,2017,2,2017,"COS_flow",36412.5
"35812",42,2017-02-11,2017,2,2017,"COS_flow",14270.8
"35813",43,2017-02-12,2017,2,2017,"COS_flow",8099.2
"35814",44,2017-02-13,2017,2,2017,"COS_flow",5822.5
"35815",45,2017-02-14,2017,2,2017,"COS_flow",4564.2
"35816",46,2017-02-15,2017,2,2017,"COS_flow",3760
"35817",47,2017-02-16,2017,2,2017,"COS_flow",3448.3
"35818",48,2017-02-17,2017,2,2017,"COS_flow",3346.2
"35819",49,2017-02-18,2017,2,2017,"COS_flow",3431.2
"35820",50,2017-02-19,2017,2,2017,"COS_flow",3102.9
"35821",51,2017-02-20,2017,2,2017,"COS_flow",8115
"35822",52,2017-02-21,2017,2,2017,"COS_flow",19062.5
"35823",53,2017-02-22,2017,2,2017,"COS_flow",10432.1
"35824",54,2017-02-23,2017,2,2017,"COS_flow",6635.8
"35825",55,2017-02-24,2017,2,2017,"COS_flow",4993.3
"35826",56,2017-02-25,2017,2,2017,"COS_flow",4040.4
"35827",57,2017-02-26,2017,2,2017,"COS_flow",3435.8
"35828",58,2017-02-27,2017,2,2017,"COS_flow",3114.2
"35829",59,2017-02-28,2017,2,2017,"COS_flow",2716.7
"35830",60,2017-03-01,2017,3,2017,"COS_flow",2384.2
"35831",61,2017-03-02,2017,3,2017,"COS_flow",2171.7
"35832",62,2017-03-03,2017,3,2017,"COS_flow",2011.7
"35833",63,2017-03-04,2017,3,2017,"COS_flow",1880
"35834",64,2017-03-05,2017,3,2017,"COS_flow",2705.4
"35835",65,2017-03-06,2017,3,2017,"COS_flow",2303.3
"35836",66,2017-03-07,2017,3,2017,"COS_flow",1960
"35837",67,2017-03-08,2017,3,2017,"COS_flow",1820.8
"35838",68,2017-03-09,2017,3,2017,"COS_flow",1737.1
"35839",69,2017-03-10,2017,3,2017,"COS_flow",1683.3
"35840",70,2017-03-11,2017,3,2017,"COS_flow",1657.5
"35841",71,2017-03-12,2017,3,2017,"COS_flow",1636.1
"35842",72,2017-03-13,2017,3,2017,"COS_flow",1634.6
"35843",73,2017-03-14,2017,3,2017,"COS_flow",1650.8
"35844",74,2017-03-15,2017,3,2017,"COS_flow",1671.7
"35845",75,2017-03-16,2017,3,2017,"COS_flow",1724.6
"35846",76,2017-03-17,2017,3,2017,"COS_flow",1742.2
"35847",77,2017-03-18,2017,3,2017,"COS_flow",1751.8
"35848",78,2017-03-19,2017,3,2017,"COS_flow",1746.7
"35849",79,2017-03-20,2017,3,2017,"COS_flow",1722.1
"35850",80,2017-03-21,2017,3,2017,"COS_flow",2433.3
"35851",81,2017-03-22,2017,3,2017,"COS_flow",4305.8
"35852",82,2017-03-23,2017,3,2017,"COS_flow",3301.2
"35853",83,2017-03-24,2017,3,2017,"COS_flow",2661.2
"35854",84,2017-03-25,2017,3,2017,"COS_flow",2651.7
"35855",85,2017-03-26,2017,3,2017,"COS_flow",2369.2
"35856",86,2017-03-27,2017,3,2017,"COS_flow",2395.8
"35857",87,2017-03-28,2017,3,2017,"COS_flow",2149.2
"35858",88,2017-03-29,2017,3,2017,"COS_flow",1950
"35859",89,2017-03-30,2017,3,2017,"COS_flow",1952.5
"35860",90,2017-03-31,2017,3,2017,"COS_flow",2036.2
"35861",91,2017-04-01,2017,4,2017,"COS_flow",1829.6
"35862",92,2017-04-02,2017,4,2017,"COS_flow",1725.9
"35863",93,2017-04-03,2017,4,2017,"COS_flow",1683.3
"35864",94,2017-04-04,2017,4,2017,"COS_flow",1600
"35865",95,2017-04-05,2017,4,2017,"COS_flow",1517.5
"35866",96,2017-04-06,2017,4,2017,"COS_flow",1499.2
"35867",97,2017-04-07,2017,4,2017,"COS_flow",2802.1
"35868",98,2017-04-08,2017,4,2017,"COS_flow",3681.2
"35869",99,2017-04-09,2017,4,2017,"COS_flow",2893.3
"35870",100,2017-04-10,2017,4,2017,"COS_flow",2384.6
"35871",101,2017-04-11,2017,4,2017,"COS_flow",2115
"35872",102,2017-04-12,2017,4,2017,"COS_flow",1954.6
"35873",103,2017-04-13,2017,4,2017,"COS_flow",3207.5
"35874",104,2017-04-14,2017,4,2017,"COS_flow",3216.2
"35875",105,2017-04-15,2017,4,2017,"COS_flow",2707.1
"35876",106,2017-04-16,2017,4,2017,"COS_flow",2442.5
"35877",107,2017-04-17,2017,4,2017,"COS_flow",2789.2
"35878",108,2017-04-18,2017,4,2017,"COS_flow",4135.3
"35879",109,2017-04-19,2017,4,2017,"COS_flow",3785.4
"35880",110,2017-04-20,2017,4,2017,"COS_flow",3135.5
"35881",111,2017-04-21,2017,4,2017,"COS_flow",2733.8
"35882",112,2017-04-22,2017,4,2017,"COS_flow",2452
"35883",113,2017-04-23,2017,4,2017,"COS_flow",2267.1
"35884",114,2017-04-24,2017,4,2017,"COS_flow",2134.8
"35885",115,2017-04-25,2017,4,2017,"COS_flow",1972.1
"35886",116,2017-04-26,2017,4,2017,"COS_flow",1808.8
"35887",117,2017-04-27,2017,4,2017,"COS_flow",1806.3
"35888",118,2017-04-28,2017,4,2017,"COS_flow",1676.7
"35889",119,2017-04-29,2017,4,2017,"COS_flow",1543.4
"35890",120,2017-04-30,2017,4,2017,"COS_flow",1451.2
"35891",121,2017-05-01,2017,5,2017,"COS_flow",1422
"35892",122,2017-05-02,2017,5,2017,"COS_flow",1423.6
"35893",123,2017-05-03,2017,5,2017,"COS_flow",1455.6
"35894",124,2017-05-04,2017,5,2017,"COS_flow",1509.9
"35895",125,2017-05-05,2017,5,2017,"COS_flow",1567.8
"35896",126,2017-05-06,2017,5,2017,"COS_flow",1537.4
"35897",127,2017-05-07,2017,5,2017,"COS_flow",1382.4
"35898",128,2017-05-08,2017,5,2017,"COS_flow",1273.6
"35899",129,2017-05-09,2017,5,2017,"COS_flow",1197.7
"35900",130,2017-05-10,2017,5,2017,"COS_flow",1149.8
"35901",131,2017-05-11,2017,5,2017,"COS_flow",1139.4
"35902",132,2017-05-12,2017,5,2017,"COS_flow",1148.7
"35903",133,2017-05-13,2017,5,2017,"COS_flow",1089.2
"35904",134,2017-05-14,2017,5,2017,"COS_flow",991
"35905",135,2017-05-15,2017,5,2017,"COS_flow",892.2
"35906",136,2017-05-16,2017,5,2017,"COS_flow",816.3
"35907",137,2017-05-17,2017,5,2017,"COS_flow",816.5
"35908",138,2017-05-18,2017,5,2017,"COS_flow",795.4
"35909",139,2017-05-19,2017,5,2017,"COS_flow",756.4
"35910",140,2017-05-20,2017,5,2017,"COS_flow",732.1
"35911",141,2017-05-21,2017,5,2017,"COS_flow",738
"35912",142,2017-05-22,2017,5,2017,"COS_flow",738.7
"35913",143,2017-05-23,2017,5,2017,"COS_flow",746.3
"35914",144,2017-05-24,2017,5,2017,"COS_flow",783
"35915",145,2017-05-25,2017,5,2017,"COS_flow",784
"35916",146,2017-05-26,2017,5,2017,"COS_flow",757.6
"35917",147,2017-05-27,2017,5,2017,"COS_flow",716.7
"35918",148,2017-05-28,2017,5,2017,"COS_flow",686.2
"35919",149,2017-05-29,2017,5,2017,"COS_flow",653.2
"35920",150,2017-05-30,2017,5,2017,"COS_flow",618.5
"35921",151,2017-05-31,2017,5,2017,"COS_flow",617.1
"35922",152,2017-06-01,2017,6,2017,"COS_flow",597.1
"35923",153,2017-06-02,2017,6,2017,"COS_flow",574
"35924",154,2017-06-03,2017,6,2017,"COS_flow",547.9
"35925",155,2017-06-04,2017,6,2017,"COS_flow",533
"35926",156,2017-06-05,2017,6,2017,"COS_flow",519.2
"35927",157,2017-06-06,2017,6,2017,"COS_flow",486.5
"35928",158,2017-06-07,2017,6,2017,"COS_flow",448.9
"35929",159,2017-06-08,2017,6,2017,"COS_flow",427.9
"35930",160,2017-06-09,2017,6,2017,"COS_flow",436.3
"35931",161,2017-06-10,2017,6,2017,"COS_flow",478.4
"35932",162,2017-06-11,2017,6,2017,"COS_flow",445.9
"35933",163,2017-06-12,2017,6,2017,"COS_flow",439.2
"35934",164,2017-06-13,2017,6,2017,"COS_flow",409.5
"35935",165,2017-06-14,2017,6,2017,"COS_flow",368.9
"35936",166,2017-06-15,2017,6,2017,"COS_flow",336.3
"35937",167,2017-06-16,2017,6,2017,"COS_flow",316.2
"35938",168,2017-06-17,2017,6,2017,"COS_flow",305.9
"35939",169,2017-06-18,2017,6,2017,"COS_flow",302.3
"35940",170,2017-06-19,2017,6,2017,"COS_flow",297.2
"35941",171,2017-06-20,2017,6,2017,"COS_flow",280.1
"35942",172,2017-06-21,2017,6,2017,"COS_flow",259.8
"35943",173,2017-06-22,2017,6,2017,"COS_flow",240.5
"35944",174,2017-06-23,2017,6,2017,"COS_flow",223.3
"35945",175,2017-06-24,2017,6,2017,"COS_flow",207.8
"35946",176,2017-06-25,2017,6,2017,"COS_flow",194.8
"35947",177,2017-06-26,2017,6,2017,"COS_flow",180
"35948",178,2017-06-27,2017,6,2017,"COS_flow",170.7
"35949",179,2017-06-28,2017,6,2017,"COS_flow",161.9
"35950",180,2017-06-29,2017,6,2017,"COS_flow",153.1
"36136",1,2018-01-01,2018,1,2018,"COS_flow",73.2
"36137",2,2018-01-02,2018,1,2018,"COS_flow",72.4
"36138",3,2018-01-03,2018,1,2018,"COS_flow",70.2
"36139",4,2018-01-04,2018,1,2018,"COS_flow",67.6
"36140",5,2018-01-05,2018,1,2018,"COS_flow",70.7
"36141",6,2018-01-06,2018,1,2018,"COS_flow",112.9
"36142",7,2018-01-07,2018,1,2018,"COS_flow",192.1
"36143",8,2018-01-08,2018,1,2018,"COS_flow",300
"36144",9,2018-01-09,2018,1,2018,"COS_flow",1549.9
"36145",10,2018-01-10,2018,1,2018,"COS_flow",1011.1
"36146",11,2018-01-11,2018,1,2018,"COS_flow",598.2
"36147",12,2018-01-12,2018,1,2018,"COS_flow",409.2
"36148",13,2018-01-13,2018,1,2018,"COS_flow",315.8
"36149",14,2018-01-14,2018,1,2018,"COS_flow",262.8
"36150",15,2018-01-15,2018,1,2018,"COS_flow",227
"36151",16,2018-01-16,2018,1,2018,"COS_flow",202.9
"36152",17,2018-01-17,2018,1,2018,"COS_flow",184.1
"36153",18,2018-01-18,2018,1,2018,"COS_flow",172.7
"36154",19,2018-01-19,2018,1,2018,"COS_flow",359.4
"36155",20,2018-01-20,2018,1,2018,"COS_flow",357.6
"36156",21,2018-01-21,2018,1,2018,"COS_flow",249.9
"36157",22,2018-01-22,2018,1,2018,"COS_flow",228.6
"36158",23,2018-01-23,2018,1,2018,"COS_flow",217
"36159",24,2018-01-24,2018,1,2018,"COS_flow",202.7
"36160",25,2018-01-25,2018,1,2018,"COS_flow",396.1
"36161",26,2018-01-26,2018,1,2018,"COS_flow",485
"36162",27,2018-01-27,2018,1,2018,"COS_flow",347.5
"36163",28,2018-01-28,2018,1,2018,"COS_flow",281.8
"36164",29,2018-01-29,2018,1,2018,"COS_flow",249.9
"36165",30,2018-01-30,2018,1,2018,"COS_flow",230
"36166",31,2018-01-31,2018,1,2018,"COS_flow",215.3
"36167",32,2018-02-01,2018,2,2018,"COS_flow",203.8
"36168",33,2018-02-02,2018,2,2018,"COS_flow",195.2
"36169",34,2018-02-03,2018,2,2018,"COS_flow",191.5
"36170",35,2018-02-04,2018,2,2018,"COS_flow",184.6
"36171",36,2018-02-05,2018,2,2018,"COS_flow",177.1
"36172",37,2018-02-06,2018,2,2018,"COS_flow",169.2
"36173",38,2018-02-07,2018,2,2018,"COS_flow",159.6
"36174",39,2018-02-08,2018,2,2018,"COS_flow",150.3
"36175",40,2018-02-09,2018,2,2018,"COS_flow",145.2
"36176",41,2018-02-10,2018,2,2018,"COS_flow",140.8
"36177",42,2018-02-11,2018,2,2018,"COS_flow",134.5
"36178",43,2018-02-12,2018,2,2018,"COS_flow",128.6
"36179",44,2018-02-13,2018,2,2018,"COS_flow",125.2
"36180",45,2018-02-14,2018,2,2018,"COS_flow",121.2
"36181",46,2018-02-15,2018,2,2018,"COS_flow",117
"36182",47,2018-02-16,2018,2,2018,"COS_flow",113.5
"36183",48,2018-02-17,2018,2,2018,"COS_flow",110.1
"36184",49,2018-02-18,2018,2,2018,"COS_flow",108.2
"36185",50,2018-02-19,2018,2,2018,"COS_flow",107.5
"36186",51,2018-02-20,2018,2,2018,"COS_flow",108.8
"36187",52,2018-02-21,2018,2,2018,"COS_flow",99.3
"36188",53,2018-02-22,2018,2,2018,"COS_flow",98.5
"36189",54,2018-02-23,2018,2,2018,"COS_flow",108.6
"36190",55,2018-02-24,2018,2,2018,"COS_flow",100.8
"36191",56,2018-02-25,2018,2,2018,"COS_flow",103.3
"36192",57,2018-02-26,2018,2,2018,"COS_flow",117.6
"36193",58,2018-02-27,2018,2,2018,"COS_flow",157.3
"36194",59,2018-02-28,2018,2,2018,"COS_flow",128.9
"36195",60,2018-03-01,2018,3,2018,"COS_flow",135.2
"36196",61,2018-03-02,2018,3,2018,"COS_flow",494.4
"36197",62,2018-03-03,2018,3,2018,"COS_flow",1056
"36198",63,2018-03-04,2018,3,2018,"COS_flow",615.5
"36199",64,2018-03-05,2018,3,2018,"COS_flow",431.3
"36200",65,2018-03-06,2018,3,2018,"COS_flow",333
"36201",66,2018-03-07,2018,3,2018,"COS_flow",296.5
"36202",67,2018-03-08,2018,3,2018,"COS_flow",312.9
"36203",68,2018-03-09,2018,3,2018,"COS_flow",301.8
"36204",69,2018-03-10,2018,3,2018,"COS_flow",302.2
"36205",70,2018-03-11,2018,3,2018,"COS_flow",303.8
"36206",71,2018-03-12,2018,3,2018,"COS_flow",305.2
"36207",72,2018-03-13,2018,3,2018,"COS_flow",525.9
"36208",73,2018-03-14,2018,3,2018,"COS_flow",4555
"36209",74,2018-03-15,2018,3,2018,"COS_flow",2935.2
"36210",75,2018-03-16,2018,3,2018,"COS_flow",5803.1
"36211",76,2018-03-17,2018,3,2018,"COS_flow",3103.8
"36212",77,2018-03-18,2018,3,2018,"COS_flow",2017.3
"36213",78,2018-03-19,2018,3,2018,"COS_flow",1451.5
"36214",79,2018-03-20,2018,3,2018,"COS_flow",1197.5
"36215",80,2018-03-21,2018,3,2018,"COS_flow",2245.8
"36216",81,2018-03-22,2018,3,2018,"COS_flow",10992.8
"36217",82,2018-03-23,2018,3,2018,"COS_flow",8046.9
"36218",83,2018-03-24,2018,3,2018,"COS_flow",4004.5
"36219",84,2018-03-25,2018,3,2018,"COS_flow",3003.5
"36220",85,2018-03-26,2018,3,2018,"COS_flow",2282.4
"36221",86,2018-03-27,2018,3,2018,"COS_flow",1872.5
"36222",87,2018-03-28,2018,3,2018,"COS_flow",1801.7
"36223",88,2018-03-29,2018,3,2018,"COS_flow",1758.2
"36224",89,2018-03-30,2018,3,2018,"COS_flow",1758.3
"36225",90,2018-03-31,2018,3,2018,"COS_flow",1809.7
"36226",91,2018-04-01,2018,4,2018,"COS_flow",1826.2
"36227",92,2018-04-02,2018,4,2018,"COS_flow",1795.5
"36228",93,2018-04-03,2018,4,2018,"COS_flow",1718.5
"36229",94,2018-04-04,2018,4,2018,"COS_flow",1637.3
"36230",95,2018-04-05,2018,4,2018,"COS_flow",1574
"36231",96,2018-04-06,2018,4,2018,"COS_flow",1894.3
"36232",97,2018-04-07,2018,4,2018,"COS_flow",5857.1
"36233",98,2018-04-08,2018,4,2018,"COS_flow",4578.4
"36234",99,2018-04-09,2018,4,2018,"COS_flow",3137
"36235",100,2018-04-10,2018,4,2018,"COS_flow",2557.6
"36236",101,2018-04-11,2018,4,2018,"COS_flow",2158.8
"36237",102,2018-04-12,2018,4,2018,"COS_flow",2009.5
"36238",103,2018-04-13,2018,4,2018,"COS_flow",1728.2
"36239",104,2018-04-14,2018,4,2018,"COS_flow",1536.5
"36240",105,2018-04-15,2018,4,2018,"COS_flow",1418.3
"36241",106,2018-04-16,2018,4,2018,"COS_flow",1465.5
"36242",107,2018-04-17,2018,4,2018,"COS_flow",1532.2
"36243",108,2018-04-18,2018,4,2018,"COS_flow",1346.5
"36244",109,2018-04-19,2018,4,2018,"COS_flow",1247.4
"36245",110,2018-04-20,2018,4,2018,"COS_flow",1155.9
"36246",111,2018-04-21,2018,4,2018,"COS_flow",1099.1
"36247",112,2018-04-22,2018,4,2018,"COS_flow",1067.9
"36248",113,2018-04-23,2018,4,2018,"COS_flow",1027.5
"36249",114,2018-04-24,2018,4,2018,"COS_flow",967.6
"36250",115,2018-04-25,2018,4,2018,"COS_flow",911.3
"36251",116,2018-04-26,2018,4,2018,"COS_flow",873.7
"36252",117,2018-04-27,2018,4,2018,"COS_flow",845.5
"36253",118,2018-04-28,2018,4,2018,"COS_flow",814.3
"36254",119,2018-04-29,2018,4,2018,"COS_flow",767.5
"36255",120,2018-04-30,2018,4,2018,"COS_flow",727
"36256",121,2018-05-01,2018,5,2018,"COS_flow",705.6
"36257",122,2018-05-02,2018,5,2018,"COS_flow",697
"36258",123,2018-05-03,2018,5,2018,"COS_flow",649.8
"36259",124,2018-05-04,2018,5,2018,"COS_flow",608
"36260",125,2018-05-05,2018,5,2018,"COS_flow",577.8
"36261",126,2018-05-06,2018,5,2018,"COS_flow",543.7
"36262",127,2018-05-07,2018,5,2018,"COS_flow",497.8
"36263",128,2018-05-08,2018,5,2018,"COS_flow",466.9
"36264",129,2018-05-09,2018,5,2018,"COS_flow",451
"36265",130,2018-05-10,2018,5,2018,"COS_flow",431.4
"36266",131,2018-05-11,2018,5,2018,"COS_flow",411.7
"36267",132,2018-05-12,2018,5,2018,"COS_flow",395.7
"36268",133,2018-05-13,2018,5,2018,"COS_flow",380.5
"36269",134,2018-05-14,2018,5,2018,"COS_flow",367.8
"36270",135,2018-05-15,2018,5,2018,"COS_flow",346.2
"36271",136,2018-05-16,2018,5,2018,"COS_flow",332.2
"36272",137,2018-05-17,2018,5,2018,"COS_flow",339.6
"36273",138,2018-05-18,2018,5,2018,"COS_flow",327.7
"36274",139,2018-05-19,2018,5,2018,"COS_flow",327.6
"36275",140,2018-05-20,2018,5,2018,"COS_flow",302
"36276",141,2018-05-21,2018,5,2018,"COS_flow",283.1
"36277",142,2018-05-22,2018,5,2018,"COS_flow",264
"36278",143,2018-05-23,2018,5,2018,"COS_flow",214.8
"36279",144,2018-05-24,2018,5,2018,"COS_flow",205.9
"36280",145,2018-05-25,2018,5,2018,"COS_flow",199
"36281",146,2018-05-26,2018,5,2018,"COS_flow",212.1
"36282",147,2018-05-27,2018,5,2018,"COS_flow",207.7
"36283",148,2018-05-28,2018,5,2018,"COS_flow",190.5
"36284",149,2018-05-29,2018,5,2018,"COS_flow",174.4
"36285",150,2018-05-30,2018,5,2018,"COS_flow",161.1
"36286",151,2018-05-31,2018,5,2018,"COS_flow",149.6
"36287",152,2018-06-01,2018,6,2018,"COS_flow",142.5
"36288",153,2018-06-02,2018,6,2018,"COS_flow",139
"36289",154,2018-06-03,2018,6,2018,"COS_flow",132.4
"36290",155,2018-06-04,2018,6,2018,"COS_flow",125.4
"36291",156,2018-06-05,2018,6,2018,"COS_flow",118.4
"36292",157,2018-06-06,2018,6,2018,"COS_flow",113.5
"36293",158,2018-06-07,2018,6,2018,"COS_flow",111.5
"36294",159,2018-06-08,2018,6,2018,"COS_flow",109.2
"36295",160,2018-06-09,2018,6,2018,"COS_flow",105.7
"36296",161,2018-06-10,2018,6,2018,"COS_flow",102.9
"36297",162,2018-06-11,2018,6,2018,"COS_flow",101
"36298",163,2018-06-12,2018,6,2018,"COS_flow",98.3
"36299",164,2018-06-13,2018,6,2018,"COS_flow",94.6
"36300",165,2018-06-14,2018,6,2018,"COS_flow",89.3
"36301",166,2018-06-15,2018,6,2018,"COS_flow",86.5
"36302",167,2018-06-16,2018,6,2018,"COS_flow",82.6
"36303",168,2018-06-17,2018,6,2018,"COS_flow",80.6
"36304",169,2018-06-18,2018,6,2018,"COS_flow",80.2
"36305",170,2018-06-19,2018,6,2018,"COS_flow",83.2
"36306",171,2018-06-20,2018,6,2018,"COS_flow",87.9
"36307",172,2018-06-21,2018,6,2018,"COS_flow",84.2
"36308",173,2018-06-22,2018,6,2018,"COS_flow",80
"36309",174,2018-06-23,2018,6,2018,"COS_flow",76.1
"36310",175,2018-06-24,2018,6,2018,"COS_flow",72.9
"36311",176,2018-06-25,2018,6,2018,"COS_flow",72.1
"36312",177,2018-06-26,2018,6,2018,"COS_flow",71.2
"36313",178,2018-06-27,2018,6,2018,"COS_flow",67.4
"36314",179,2018-06-28,2018,6,2018,"COS_flow",65.3
"36315",180,2018-06-29,2018,6,2018,"COS_flow",63.8
